id,language,repository_url,commit,image_id,image_digest_kind,image_config_digest,source_count,image_count,include,exclude,unknown,final_count,fp,fn,accuracy_scope,seconds,cyclonedx_valid,status,stage,decision_mode,coverage,expected_package,expected_version,expected_application_observed,expected_application_in_final,error
java-commons-lang,Java,https://github.com/apache/commons-lang.git,29ccc7665f3bc5d84155a3092ab2209a053324e6,sha256:d82f9d0871648bc42b0d8ec4526a9c738414380fccd1643ae2d448411224db30,immutable local Docker image ID (OCI index or config),sha256:ba5ac038e59107cad43fff04193ae38e6a6b255aa42a8dc44d4a4ff58ba4ce18,21,151,146,0,25,146,,,not independently fully labelled,258.719000000041,True,completed_rules,complete,rules,partial,org.apache.commons:commons-lang3,3.17.0,True,True,
java-commons-io,Java,https://github.com/apache/commons-io.git,be0b1eaea246aba841510807484a6ddd6ee5fcdb,sha256:38a1f1f4bd0175899b99713f36b10614830417fb2b8e8e571aabb7c725709206,immutable local Docker image ID (OCI index or config),sha256:0bbe65fc8e628b6d3ccf3fa74a03a7c3027dd7c4783fb4ef10ceb415adaac0d1,26,151,146,0,30,146,,,not independently fully labelled,80.23400000005495,True,completed_rules,complete,rules,partial,commons-io:commons-io,2.18.0,True,True,
java-commons-codec,Java,https://github.com/apache/commons-codec.git,965109705c5236b05011e1c45f47d991abfa521e,sha256:18cb957433053f534a136ba848070e3eda5c4d8bb59a9a12d646abb0e4062411,immutable local Docker image ID (OCI index or config),sha256:2174a1ebd64cb40380361ff6b1d307115fbff170101b5f2b347ba2850bb26e6d,18,151,146,0,22,146,,,not independently fully labelled,69.64000000001397,True,completed_rules,complete,rules,partial,commons-codec:commons-codec,1.17.1,True,True,
java-commons-text,Java,https://github.com/apache/commons-text.git,9430a2848a2593ee3bce32750305c28c549cabf8,sha256:fd013f97ed55d5b01b9d9021cc4c92d49253ac635e9f84879ee731bbccd829d4,immutable local Docker image ID (OCI index or config),sha256:f28e2e5685883d4bf3aadf0db09be83e15db367adccf6a6dcc555cc4a664187d,27,152,147,0,30,147,,,not independently fully labelled,56.59400000015739,True,completed_rules,complete,rules,partial,org.apache.commons:commons-text,1.13.0,True,True,
java-commons-csv,Java,https://github.com/apache/commons-csv.git,f2f1cffe53cde4b36623403bdc27855cec01fac2,sha256:084dca97a0d6b87588f8ed242ec96822c4d1a24caafd36458ee0d85072a47c98,immutable local Docker image ID (OCI index or config),sha256:2c611780aff846311c7b903283b93337006c3f4f5feab27048157a37d04e2797,29,153,148,0,31,148,,,not independently fully labelled,85.04700000002049,True,completed_rules,complete,rules,partial,org.apache.commons:commons-csv,1.13.0,True,True,
java-commons-compress,Java,https://github.com/apache/commons-compress.git,8de4d85b09a5d60e03191c0d362797de253a3516,sha256:9c7f67f350261ee9efe7c16c5550ac30eed4e025b31a5e028de13e27de8204e0,immutable local Docker image ID (OCI index or config),sha256:b5319fc30df9b6fa000f21dded5ae698c14b9cc5526601412ba542f363cd60ba,49,158,153,0,48,153,,,not independently fully labelled,161.3279999999795,True,completed_rules,complete,rules,partial,org.apache.commons:commons-compress,1.27.1,True,True,
java-gson,Java,https://github.com/google/gson.git,828a97be0f8d58108b140b77df8dc76b657f4a87,sha256:8d6f4532ead07efb946ba13e16aa0fcd211924f6f873629a6614885eedc2b87e,immutable local Docker image ID (OCI index or config),sha256:829d14710ecea3f8606610e24d7e3e402616e81d6dfc0bd1ce9e30c45247fcc8,32,152,147,0,35,147,,,not independently fully labelled,108.25,True,completed_rules,complete,rules,partial,com.google.code.gson:gson,2.11.0,True,True,
java-jsoup,Java,https://github.com/jhy/jsoup.git,7c56eb26c8cc772c5c3d0e052dc076a128173c85,sha256:050cafcf2903bad84e4fdbe37539a56c9e61bec43ccb0959fa9a6a3ec3bd0941,immutable local Docker image ID (OCI index or config),sha256:dd030955227b4b686b1e41534236d0a15c8350b9c3125c19eff3db899e6ebd90,17,151,146,0,21,146,,,not independently fully labelled,52.57700000004843,True,completed_rules,complete,rules,partial,org.jsoup:jsoup,1.18.3,True,True,
java-slf4j,Java,https://github.com/qos-ch/slf4j.git,101086ba359a6a80f275ad090f57d74a34eee8ca,sha256:7e6ab1b3329a7581d69c46ed5c29e20f5bd06d89d6360ab4660a08ea49d50dc8,immutable local Docker image ID (OCI index or config),sha256:7bf59cda5946cc11739e07e595d9f2c194e621592426267a90548baba701dd39,43,151,146,0,46,146,,,not independently fully labelled,75.24900000006892,True,completed_rules,complete,rules,partial,org.slf4j:slf4j-api,2.0.16,True,True,
java-commons-cli,Java,https://github.com/apache/commons-cli.git,698b238276c0e22e97e4aec703a0b00201d29666,sha256:54f6e9da0218fa9e6c7e95d1411707c8b46c9f16a952955454c37249d1a947b1,immutable local Docker image ID (OCI index or config),sha256:92b3947ff9cbd5f9944ce30a6d4af85d276eece11a2188b9a2531035a7a7ef27,18,151,146,0,22,146,,,not independently fully labelled,37.24900000006892,True,completed_rules,complete,rules,partial,commons-cli:commons-cli,1.9.0,True,True,
javascript-lodash,JavaScript,https://github.com/lodash/lodash.git,f299b52f39486275a9e6483b60a410e06520c538,sha256:ffed631fc804cb2e02ea8b90517117ca92d4927670f88c4865e78ecca4e7fd41,immutable local Docker image ID (OCI index or config),sha256:2eb01877510691c90abf08050fe8c70774494009e58e7a9d09a4b59725249a76,544,292,277,0,547,288,,,not independently fully labelled,51.56200000003446,True,completed_rules,complete,rules,partial,lodash,4.17.21,True,True,
javascript-express,JavaScript,https://github.com/expressjs/express.git,1faf228935aa0a13111f92c28ee795be64ce3f0f,sha256:50595b92bd7d70aa835f7093e701b600278c2e0e4733c80c66a7535555b852ff,immutable local Docker image ID (OCI index or config),sha256:b64b71fcec1041b6dbd39c7fd7f1dfd51d2a159829af72a27fac252c3ab28be8,9,360,343,0,13,356,,,not independently fully labelled,66.28200000000652,True,completed_rules,complete,rules,partial,express,4.21.2,True,True,
javascript-axios,JavaScript,https://github.com/axios/axios.git,b2cb45d5a533a5465c99559b16987e4d5fc08cbc,sha256:274b1038a0317a16d340a419c9be9413b707867692594b070e277cfaff5c0649,immutable local Docker image ID (OCI index or config),sha256:dedac77ee711efda07de6e81e77e44f8ef71b9feb53ac4f15e125e4c3d2a8dc5,37,307,290,0,32,303,,,not independently fully labelled,41.82900000002701,True,completed_rules,complete,rules,partial,axios,1.7.9,True,True,
javascript-debug,JavaScript,https://github.com/debug-js/debug.git,7e3814cc603bf64fdd69e714e0cf5611ec31f43b,sha256:c5e43b337c04e28aa4e0c8056f5ea74dfcdb622d4b9303cb5d3941b5a1d83019,immutable local Docker image ID (OCI index or config),sha256:b017aff9a60c7fd2a767d053ef33053c838d912b71dcba9baa504735f97069e0,0,293,277,0,4,289,,,not independently fully labelled,70.50000000011642,True,completed_rules,complete,rules,partial,debug,4.4.0,True,True,
javascript-ms,JavaScript,https://github.com/vercel/ms.git,1c6264b795492e8fdecbc82cb8802fcfbfc08d26,sha256:eff82a45a7eeb2c2484f912f1b7de0df462a8c34c72266af060cddea3cff9b88,immutable local Docker image ID (OCI index or config),sha256:c3e0116cbec248937c949cc03b60f25e949148122dfaf44476741d8dd0ed6a2b,2,292,276,0,6,288,,,not independently fully labelled,35.59399999980815,True,completed_rules,complete,rules,partial,ms,2.1.3,True,True,
javascript-chalk,JavaScript,https://github.com/chalk/chalk.git,5dbc1e2633f3874f43c144fa4919934bc934c495,sha256:9b14c9d4ef360e55ae771b8be265d9e78ecf431725402319b77995704adb665f,immutable local Docker image ID (OCI index or config),sha256:85bd7ed28c105f6d2228fc1f4680392ae4eec98a454c613dec691b948038e536,3,292,277,0,7,288,,,not independently fully labelled,69.07700000004843,True,completed_rules,complete,rules,partial,chalk,5.4.1,True,True,
javascript-commander-js,JavaScript,https://github.com/tj/commander.js.git,e6f56c888c96d1339c2b974fee7e6ba4f2e3d218,sha256:a4e5313626f8c3428e6e2225c6f114ab654b35b1ad298b6198f880c8ce618cd9,immutable local Docker image ID (OCI index or config),sha256:a69b3f9dda155957707976ef24609329dc45bbd8ec4bed793a2cf35222a83ba8,7,292,277,0,10,288,,,not independently fully labelled,33.90700000000652,True,completed_rules,complete,rules,partial,commander,13.1.0,True,True,
javascript-minimist,JavaScript,https://github.com/minimistjs/minimist.git,6901ee286bc4c16da6830b48b46ce1574703cea1,sha256:e3351c86f8cb2f2566e496fcbacf6f1704ff52f951149448bd2f283677b26d1e,immutable local Docker image ID (OCI index or config),sha256:ebc25331d4e0684110d3afae63f753bf8b23e0cd8226283135f95fe7460e2150,6,292,277,0,10,288,,,not independently fully labelled,54.45299999997951,True,completed_rules,complete,rules,partial,minimist,1.2.8,True,True,
javascript-is-number,JavaScript,https://github.com/jonschlinkert/is-number.git,98e8ff1da1a89f93d1397a24d7413ed15421c139,sha256:e17e6f61629907dca8bac63817078d5513d6bb62a36baf5b137d55e5d81518c0,immutable local Docker image ID (OCI index or config),sha256:a714a5b6a1056d33cb951056e5e2c448332edbf6107cd09a3aa906267c7b0b4d,0,292,277,0,4,288,,,not independently fully labelled,39.34299999999348,True,completed_rules,complete,rules,partial,is-number,7.0.0,True,True,
javascript-isarray,JavaScript,https://github.com/juliangruber/isarray.git,63ea4ca0a0d6b0574d6a470ebd26880c3026db4a,sha256:8a4d87dd5859ea9c6ff480f51aa756e28a67e83ad0296f5dbe1bc733906251f0,immutable local Docker image ID (OCI index or config),sha256:a62ac69934ef3fa95e4a15f8869f4718603a0a00eeee9e8509c003767c4bb67b,0,292,277,0,4,288,,,not independently fully labelled,29.780000000144355,True,completed_rules,complete,rules,partial,isarray,2.0.5,True,True,
bitbucket-python-service,Python,https://bitbucket.org/artifact_graph/python-service.git,973b5e3447f92b10f3871ee852f0ab4db9f82ef1,sha256:7b3a96cacdc2ff36eacfabfcbd280ab95026079be2e06e47eab1883a080d30b6,immutable local Docker image ID (OCI index or config),sha256:317defc63949ebfde4e99e86857b64c59b87def493daefadafaa312b05ff8448,0,120,109,0,6,114,,,not independently fully labelled,52.35800000000745,True,completed_rules,complete,rules,partial,demo-app,1.0.0,True,True,
bitbucket-python-jobs,Python,https://bitbucket.org/artifact_graph/python-jobs.git,776eb037886b8603bde8293c7090301639296496,sha256:ed9c816f27d0ac8c727acbec3c84230abd3dd7ea3891c882c8405183ddd23304,immutable local Docker image ID (OCI index or config),sha256:ab0fde430899856dac261e6e68503795085d0984985bd9c3a102affae8ff8543,0,120,109,0,6,114,,,not independently fully labelled,42.87600000016391,True,completed_rules,complete,rules,partial,demo-app,1.0.0,True,True,
bitbucket-lab-python,Python,https://bitbucket.org/artifact_graph/lab-python.git,93428e3aabebc55caefc681690c2995514a63d22,sha256:88a82d9a3868e799adfd38c83e4a0da198e2721152c8d7a8c3c6acb163d469aa,immutable local Docker image ID (OCI index or config),sha256:b769d7cae4c7150a3403704bbf6ea32099794ea38a3e50ec4c1018168a06c3d0,0,119,108,0,6,113,,,not independently fully labelled,34.360000000102445,True,completed_rules,complete,rules,partial,,,,,
python-flask,Python,https://github.com/pallets/flask.git,ab8149664182b662453a563161aa89013c806dc9,sha256:42bff558851c850f5cfc5a5ea095cdc80130c98d9080ef4b18b1fa13440528b3,immutable local Docker image ID (OCI index or config),sha256:ee0741c62d29056ff09b9617b41ed8b012869c1f3259fe0aa9175f6c7a395afb,35,126,115,0,41,120,,,not independently fully labelled,60.04599999997299,True,completed_rules,complete,rules,partial,flask,3.1.0,True,True,
python-jinja,Python,https://github.com/pallets/jinja.git,877f6e51be8e1765b06d911cfaa9033775f051d1,sha256:b9a2ed5100e201829d4822d2732af3f567556ab1f5942c818f39f34d13709863,immutable local Docker image ID (OCI index or config),sha256:b4f07ddfc713fbba6229cc51a70ee8ada30f76f3483d6191cbf50e47f8357272,10,121,110,0,16,115,,,not independently fully labelled,51.76599999982864,True,completed_rules,complete,rules,partial,jinja2,3.1.5,True,True,
python-werkzeug,Python,https://github.com/pallets/werkzeug.git,6389612fd1ee1bd93579eed5026e8fd471d04abd,sha256:6f3b3d35dd5c17cb3272e063ad83478b606153804e099f7502a9a0c7ff9efa12,immutable local Docker image ID (OCI index or config),sha256:20308f888eb5e400d72fd289eef89250e9ad21ce7aa563424a9cd51aa225ea94,14,121,110,0,20,115,,,not independently fully labelled,56.609999999869615,True,completed_rules,complete,rules,partial,werkzeug,3.1.3,True,True,
python-itsdangerous,Python,https://github.com/pallets/itsdangerous.git,096c8d42545d3b68ea21a4f890fb2b2d8979c0bd,sha256:faffdfe018f051824f9c107ccfe8d3af11a78c5b6d20e52518cf50783e52ddb1,immutable local Docker image ID (OCI index or config),sha256:0fbff6feab3544e1f688bc4ccc2fa50136de318793d90f231416506c78b32692,10,120,109,0,16,114,,,not independently fully labelled,49.73499999998603,True,completed_rules,complete,rules,partial,itsdangerous,2.2.0,True,True,
python-attrs,Python,https://github.com/python-attrs/attrs.git,598494a618410490cfbe0c896b7a544f6d23e0d9,sha256:729e54b83868cbe611b4cad4ec29eb7850a06bb8d353290728462f0e28210b7b,immutable local Docker image ID (OCI index or config),sha256:8949edb8e184d63cd3280adecbb511023f07dc03057a20cbb5e5ffb0552df980,26,120,109,0,32,114,,,not independently fully labelled,65.6710000000894,True,completed_rules,complete,rules,partial,attrs,24.3.0,True,True,
python-packaging,Python,https://github.com/pypa/packaging.git,d8e3b31b734926ebbcaff654279f6855a73e052f,sha256:55b9bc3a43a32f3429e366583ec939c4225cfd1e0677ad3fc571d693f0b21010,immutable local Docker image ID (OCI index or config),sha256:a272b7760005afb5ce173424e4510c7ccbc5840f5d26fa22b412e42e94927674,11,120,109,0,17,114,,,not independently fully labelled,51.21799999999348,True,completed_rules,complete,rules,partial,packaging,24.2,True,True,
python-python-certifi,Python,https://github.com/certifi/python-certifi.git,4ba39005afa1958ee24af51a11b64299fba61025,sha256:5a060640f6ab695e7a2b75f9cab882e85e7b586a7447c64c5914785663a45757,immutable local Docker image ID (OCI index or config),sha256:7ffbdc00fe2d2520b2652c56003d732832e9b702782c3ab652123b40e1b3bd07,10,120,109,0,16,114,,,not independently fully labelled,50.21900000004098,True,completed_rules,complete,rules,partial,certifi,2024.12.14,True,True,
rust-ripgrep,Rust,https://github.com/BurntSushi/ripgrep.git,4649aa9700619f94cf9c66876e9549d83420e16c,sha256:6240e6eeb7c500c508ef9c5a4fb5884b3a2dfbfad5b398050f04c6818da7b56c,immutable local Docker image ID (OCI index or config),sha256:c1939168d8d12fb803f29649445dfc1e53a11b57444c3cdb6365d4343d7cc738,65,125,122,0,35,122,,,not independently fully labelled,159.12400000018533,True,completed_rules,complete,rules,partial,ripgrep,14.1.1,True,True,
rust-fd,Rust,https://github.com/sharkdp/fd.git,b19136871310b01500b4f09eadd7387b8476be47,sha256:89966e1167bc9ad2052dd12ce128bec8e6ca1348e84f18bae25938e46d369ba0,immutable local Docker image ID (OCI index or config),sha256:42b67d5ea7318f5bd15d813f9849c7c7595cc6dbfffce020be140612e2bff257,121,153,150,0,63,150,,,not independently fully labelled,94.03000000014435,True,completed_rules,complete,rules,partial,fd-find,10.2.0,True,True,
rust-bat,Rust,https://github.com/sharkdp/bat.git,25f4f96ea3afb6fe44552f3b38ed8b1540ffa1b3,sha256:b60e53378c6ea0b52a1d5e09ffc663e67fcce615e2c5d3993df21871e964154a,immutable local Docker image ID (OCI index or config),sha256:21923dffff7ac3d7cccd0da5ec60df63bf87bcb167fa932d41d85ce8aeb5a5e4,245,198,195,0,128,195,,,not independently fully labelled,102.8430000001099,True,completed_rules,complete,rules,partial,bat,0.25.0,True,True,
rust-dust,Rust,https://github.com/bootandy/dust.git,dbd18f90e7b184d12f14533e76e5915dbe4a2051,sha256:1047c47e7fa4b09b886dba884ee3d781a1ed62cdce1067ba285cceb86dd3acb9,immutable local Docker image ID (OCI index or config),sha256:b48d8e2cb733bc4972cd1b7185cec9973fe56c5f9f777d539b16234b9cd6da9f,128,151,148,0,72,148,,,not independently fully labelled,49.53000000002794,True,completed_rules,complete,rules,partial,du-dust,1.1.1,True,True,
rust-bottom,Rust,https://github.com/ClementTsang/bottom.git,2ec1fb56c9db0b37acc4eca3230adfb52720376b,sha256:28603335007715915f06b71bb3d232303acf34eb95c3896ac3016b210a72011c,immutable local Docker image ID (OCI index or config),sha256:4a3f6ffaaa26c7359cfb639d58579bc23cfe3f977289ced1bca24f38685f1298,265,203,200,0,157,200,,,not independently fully labelled,167.0779999999795,True,completed_rules,complete,rules,partial,bottom,0.10.2,True,True,
rust-tokei,Rust,https://github.com/XAMPPRocky/tokei.git,7e0b30ff4c1fe78fe2cc615d1f0f52c7ce6cb761,sha256:f182dd45038d4ea43233694b1213e8e923f86c856a0133c96c7442b405e58b75,immutable local Docker image ID (OCI index or config),sha256:3f97cd0f6af1adafebdc8f42bf83caca6daf967e770b525b99a8ddc2a5bfa139,162,160,157,0,97,157,,,not independently fully labelled,56.90700000000652,True,completed_rules,complete,rules,partial,tokei,12.1.2,True,True,
rust-hyperfine,Rust,https://github.com/sharkdp/hyperfine.git,12fec42098642a19855ead34c8cb1e0be28c8ead,sha256:6ac08b3c451747ec8516f0702cca3df59cdfc4d413b6a7291fe094e370c69041,immutable local Docker image ID (OCI index or config),sha256:5d4a55f4889e7ce6cb41ffd9d7ec63b11173b735dbf96149d4f5716c7ae23d4a,163,194,191,0,64,191,,,not independently fully labelled,43.98499999998603,True,completed_rules,complete,rules,partial,hyperfine,1.19.0,True,True,
rust-eza,Rust,https://github.com/eza-community/eza.git,bea5b28591bb6a95fecfdb9df5e370db8d87fd82,sha256:518448b8a983934f49fb1e47179ff0e3c07d202fa9872cc975b7ee6f36259c7e,immutable local Docker image ID (OCI index or config),sha256:156ba04bff9917cf08c973c74d689b3061b724b6c5ec3306ba9a6742a436e181,237,209,206,0,123,206,,,not independently fully labelled,92.43799999996554,True,completed_rules,complete,rules,partial,eza,0.20.15,True,True,
rust-zoxide,Rust,https://github.com/ajeetdsouza/zoxide.git,3d3267b4fd73e6292d317f96d60ef69ea035912d,sha256:4f43a047187f677415de177627336393f859714abab40164a3f92af2ebc10093,immutable local Docker image ID (OCI index or config),sha256:38b9bf97684db27978a8f7fba163caec34405bdde153fb6978eb8a6bd7dade91,142,157,154,0,80,154,,,not independently fully labelled,47.43700000003446,True,completed_rules,complete,rules,partial,zoxide,0.9.6,True,True,
rust-delta,Rust,https://github.com/dandavison/delta.git,a589ff9debaefdd3992384434120f5a03a103481,sha256:b4060d6b0c0115804998212aed51a7b1f0208b69bf795491f85efefbd0d7f5d0,immutable local Docker image ID (OCI index or config),sha256:7f6a2719d4d1031f147b1a99ddfefca34466c6a563656c8df33efd10fe758b66,232,227,224,0,100,224,,,not independently fully labelled,88.20300000009593,True,completed_rules,complete,rules,partial,git-delta,0.18.2,True,True,
go-hey,Go,https://github.com/rakyll/hey.git,af177063f85bd935c55f1f2ee59c2898d9654f82,sha256:ed0cacd4149e30e6acfa26d3e07be50a97f155d8cfe00fe4fc728e6b5a04b3c3,immutable local Docker image ID (OCI index or config),sha256:d19e45476bcbd5040e519467d69999d41ea72c20490e7ffd4ee16edcbc586379,2,96,92,0,4,92,,,not independently fully labelled,75.87599999981467,True,completed_rules,complete,rules,partial,github.com/rakyll/hey,v0.1.4,True,True,
go-assetfinder,Go,https://github.com/tomnomnom/assetfinder.git,4e95d8701aae8cff1c27af2626eb22ba110ad583,sha256:137f611c8e81bb541d6e4a728f7a9cd2a286d1e911c742aa856b0ed693eed6ee,immutable local Docker image ID (OCI index or config),sha256:8e1723131e153cf7dbe29ab8717bfd6c26e6cbbcb6ca18a6109f8dda3c1cd3ad,0,94,89,0,5,89,,,not independently fully labelled,46.46900000004098,True,completed_rules,complete,rules,partial,github.com/tomnomnom/assetfinder,v0.1.1,False,False,
go-httprobe,Go,https://github.com/tomnomnom/httprobe.git,7e8abdb4096ab224f21616478b699b4dfda9d409,sha256:dc3f25b6a0aab98552a5fba5cdbdbf7ac728965298b929cfeef771a33e5ebf14,immutable local Docker image ID (OCI index or config),sha256:d17eb8d206d59ea17bf3951b92e8a2286288f894c908e1bf740aa89a95972869,0,94,90,0,4,90,,,not independently fully labelled,47.92300000006799,True,completed_rules,complete,rules,partial,github.com/tomnomnom/httprobe,v0.2.0,False,False,
go-waybackurls,Go,https://github.com/tomnomnom/waybackurls.git,86aeb97852707e1a6fb3bcd33e61d5433a6476c5,sha256:ff2a77c28aa6af8bbdfc2841331fdbd799699d8e17fc931d45260f91dc07c57a,immutable local Docker image ID (OCI index or config),sha256:8ac3e2df98f876f19851a9fb47a3149b50ac2dc34165336906d19c70b6113af2,0,94,90,0,4,90,,,not independently fully labelled,49.40599999995902,True,completed_rules,complete,rules,partial,github.com/tomnomnom/waybackurls,v0.1.0,True,True,
go-unfurl,Go,https://github.com/tomnomnom/unfurl.git,8f10d050f1b0be12e505053da174f3f39e8eed74,sha256:741fb3c8511e18ef933ca75d3dec30e9858d33f4592921a02a33f197211346ab,immutable local Docker image ID (OCI index or config),sha256:7a87e7365d1904af142d15a0068f2ad383343063e247050ccbb2a53e645b7ba5,3,95,91,0,6,91,,,not independently fully labelled,52.061999999918044,True,completed_rules,complete,rules,partial,github.com/tomnomnom/unfurl,v0.4.3,True,True,
go-yq,Go,https://github.com/mikefarah/yq.git,4839dbbf80445070a31c7a9c1055da527db2d5ee,sha256:5284383fdaf21e2f5e364917e0ddab4ecb98448d5f096235ed4938b75b3850bf,immutable local Docker image ID (OCI index or config),sha256:022f9672461847eb55ed89c51dadb980d45fba80e67d1cca4e776c2ae1ee379e,41,114,110,0,25,110,,,not independently fully labelled,100.71899999980815,True,completed_rules,complete,rules,partial,github.com/mikefarah/yq/v4,v4.44.6,False,False,
go-lazygit,Go,https://github.com/jesseduffield/lazygit.git,611fabde11d24d9acc71ee26077b9a1101f59f27,sha256:0dbb3910e2d1d1fe719da31a875a17c9f3f278b44477134dd5856c4f98fd7d88,immutable local Docker image ID (OCI index or config),sha256:6da92a196f28f2757042d0f801836996a9189404ff7877d07524331bc28443ef,91,155,151,0,34,151,,,not independently fully labelled,119.32900000002701,True,completed_rules,complete,rules,partial,github.com/jesseduffield/lazygit,v0.44.1,True,True,
go-glow,Go,https://github.com/charmbracelet/glow.git,67243bb6fbf6d49eddb6ab644e8e2c1395f9cb00,sha256:ed875f3750ac14dbd67b59c4655a52c2938cd7ca1cbe3e39ac583efdffeb9a97,immutable local Docker image ID (OCI index or config),sha256:b0308246bc733e9bf8c857ae42780e20729b57948b6db053674ae2619e1152e2,76,153,149,0,21,149,,,not independently fully labelled,101.70299999997951,True,completed_rules,complete,rules,partial,github.com/charmbracelet/glow/v2,v2.0.0,False,False,
go-scc,Go,https://github.com/boyter/scc.git,965213f77b515103a85a7d8515b2e95bd3e98c5c,sha256:6201ad162e57755cee04b3fc51d4d672d49ff6f9d742c580551443e5688c5127,immutable local Docker image ID (OCI index or config),sha256:b4f2577fffbfe4b74c45a4e68304fa31b76975ef1b210e190b7cf1a34365e9e4,31,108,104,0,21,104,,,not independently fully labelled,74.97099999990314,True,completed_rules,complete,rules,partial,github.com/boyter/scc/v3,v3.5.0,False,False,
go-upterm,Go,https://github.com/owenthereal/upterm.git,9b63f77cf206fe0f7c120285bd87656a5247a9f1,sha256:5c2684176f51b6aa97adba4539426ff9e98aa8e823437ebfdc7534baadbb68ee,immutable local Docker image ID (OCI index or config),sha256:d86cbde1766e9fabf08dad74a5a306b422a6170aabeb1049b175a97ae36bb410,118,164,160,0,52,160,,,not independently fully labelled,142.93700000003446,True,completed_rules,complete,rules,partial,github.com/owenthereal/upterm,v0.14.3,True,True,
ruby-rake,Ruby,https://github.com/ruby/rake.git,d84f6ef7f3540a1d0e95fabe451ea3a16157791b,sha256:00afff04127be753760dc4c5dc04921353b2a7b06ba01e19a3913ff0c97cbb99,immutable local Docker image ID (OCI index or config),sha256:6c570310173c20fb3fe270345ab9d67aa876d530492368b450215c92d79c49de,15,185,180,0,20,180,,,not independently fully labelled,43.32799999997951,True,completed_rules,complete,rules,partial,rake,13.2.1,True,True,
ruby-rack,Ruby,https://github.com/rack/rack.git,0eabeb73b3fb590e187dacfd9a890fbb7ffb9477,sha256:7cb6242855331b8de10900032391d58ea58b7251eacd83365c95586837c5e6cc,immutable local Docker image ID (OCI index or config),sha256:929afa6a1ea8bfed89cd5445f7917d5240226817e525b6e694b0044a814add72,7,185,180,0,12,180,,,not independently fully labelled,35.01699999999255,True,completed_rules,complete,rules,partial,rack,3.1.8,True,True,
ruby-psych,Ruby,https://github.com/ruby/psych.git,746e1ad24dbbd4a018abce3122bc4047643fd81b,sha256:c10c622c130b528d43c4b94804edda9286c9deae4b24cf700888109cd561a35a,immutable local Docker image ID (OCI index or config),sha256:2d0031e47b6fd262871676ec41617fe69382cc8dd8cc218af7e2c7077a1800a8,11,185,180,0,16,180,,,not independently fully labelled,31.04700000002049,True,completed_rules,complete,rules,partial,psych,5.2.2,True,True,
ruby-json,Ruby,https://github.com/ruby/json.git,f745ec145ef88f3dfe866001526a1270e49a2e89,sha256:79e3e5229cb80c90b5d3f795a93f18ca48a3f1da951883da83535977150713d8,immutable local Docker image ID (OCI index or config),sha256:27277c8eaad1a1abf9a1b9081e1cea405c62ea863a88b729a277c1a3a366512c,4,185,180,0,9,180,,,not independently fully labelled,31.484999999869615,True,completed_rules,complete,rules,partial,json,2.9.1,True,True,
ruby-rexml,Ruby,https://github.com/ruby/rexml.git,38eaa86ac7abe0d31cf49d8df57ad239fdeb80e9,sha256:761cb2c636a8bd1728d5ac2323aa0c9a7fcdf77ed70223cc1800864887f9c30e,immutable local Docker image ID (OCI index or config),sha256:d7e50d5d3038324057badbd2a58bf7d9087dcfcdd3a1ea39bf6b360b09db5aaf,7,185,180,0,12,180,,,not independently fully labelled,29.09499999997206,True,completed_rules,complete,rules,partial,rexml,3.3.9,True,True,
ruby-csv,Ruby,https://github.com/ruby/csv.git,eb20531db25171fe24665e346374ef0dec273082,sha256:3be0581905de6803e88a8c649bab00833afabfd26af03e9140ce4ef0b4a811d2,immutable local Docker image ID (OCI index or config),sha256:457bf1cc44192ad296ec687911a8acfb419a631d70ee7b4cb480ee6474713ee3,9,185,180,0,14,180,,,not independently fully labelled,27.31200000003446,True,completed_rules,complete,rules,partial,csv,3.3.2,True,True,
ruby-bigdecimal,Ruby,https://github.com/ruby/bigdecimal.git,ae3915ba8831cb0bbed2bc60a1345b320f2eafb4,sha256:16f0e59a2846f749c102627c706b7da1de0afcf34ee3b47c33a749d5825b44a3,immutable local Docker image ID (OCI index or config),sha256:39817ecd13bb0ad5ada502f5e9b7478a115c514cb2bcf9e9b6ee86c8d82f95c1,6,185,180,0,11,180,,,not independently fully labelled,38.21899999992456,True,completed_rules,complete,rules,partial,bigdecimal,3.1.8,True,True,
ruby-logger,Ruby,https://github.com/ruby/logger.git,216cedef7ce2b1979ed65c7c1ae5625b6e9c791a,sha256:fde273e6bdac917a91b24ac4004a79344b8c59c87f5f9d3c1242c4912a19085a,immutable local Docker image ID (OCI index or config),sha256:7debfa4be4c0d6a21d8f4d07e2687ccc25e6fcda9fc0bb4b88a416d7c47f8fd4,8,185,180,0,13,180,,,not independently fully labelled,26.68700000003446,True,completed_rules,complete,rules,partial,logger,1.6.4,True,True,
ruby-uri,Ruby,https://github.com/ruby/uri.git,e46960a467f2ed398731286ec78b899e1a01655f,sha256:a41aac33b57d35073c5b5cdf5cbf151d0a5305de7e9d2881466574711589670c,immutable local Docker image ID (OCI index or config),sha256:aea0bc95fe39924e3fd3544f51dfd8dbdc14602ba179a7abb8f539da1c6c2f8e,13,185,180,0,18,180,,,not independently fully labelled,27.07799999997951,True,completed_rules,complete,rules,partial,uri,1.0.2,True,True,
ruby-stringio,Ruby,https://github.com/ruby/stringio.git,7cc9fb1bf54d8fc873094eb36cbf8193e28fe05c,sha256:6a342134c45779d74e2c75888230799f96f69df342a8221548875dd366593af9,immutable local Docker image ID (OCI index or config),sha256:12e2a2a4881f353cdf1e74ceef1a3ea36e9482ae7400d0b0b215ec7c1cf624aa,12,185,180,0,17,180,,,not independently fully labelled,28.593000000109896,True,completed_rules,complete,rules,partial,stringio,3.1.2,True,True,
